Lundi;Mardi;Mercredi;Jeudi;Vendredi;Samedi;Dimanche
Infirmiere (C. Gross);Infirmiere (C. Gross);Infirmiere (C. Gross);Infirmiere (C. Gross);Infirmiere (C. Gross);Infirmiere (C. Gross);Infirmiere (C. Gross)
Infirmiere (C. Gross);Infirmiere (C. Gross);Infirmiere (C. Gross);Infirmiere (C. Gross);Infirmiere (C. Gross);Infirmiere (C. Gross);Infirmiere (C. Gross)
Infirmiere (C. Gross);Infirmiere (C. Gross);Infirmiere (C. Gross);Infirmiere (C. Gross);Infirmiere (C. Gross);Infirmiere (C. Gross);Infirmiere (C. Gross)
Infirmiere (C. Gross);Infirmiere (C. Gross);Infirmiere (C. Gross);Infirmiere (C. Gross);Infirmiere (C. Gross);Infirmiere (C. Gross);Infirmiere (C. Gross)
Infirmiere (C. Gross);Infirmiere (C. Gross);Infirmiere (C. Gross);Infirmiere (C. Gross);Infirmiere (C. Gross);Infirmiere (C. Gross);Infirmiere (C. Gross)
Infirmiere (C. Gross);Infirmiere (C. Gross);Infirmiere (C. Gross);Infirmiere (C. Gross);Infirmiere (C. Gross);Infirmiere (C. Gross);Infirmiere (C. Gross)
Infirmiere (C. Gross);Infirmiere (C. Gross);Infirmiere (C. Gross);Infirmiere (C. Gross);Infirmiere (C. Gross);Infirmiere (C. Gross);Infirmiere (C. Gross)
Infirmiere (C. Gross);Infirmiere (C. Gross);Infirmiere (C. Gross);Infirmiere (C. Gross);Infirmiere (C. Gross);Infirmiere (C. Gross);Infirmiere (C. Gross)
Infirmiere (C. Gross);Infirmiere (C. Gross);Infirmiere (C. Gross);Infirmiere (C. Gross);Infirmiere (C. Gross);Infirmiere (C. Gross);Infirmiere (C. Gross)
Infirmiere (C. Gross);Infirmiere (C. Gross);Infirmiere (C. Gross);Infirmiere (C. Gross);Infirmiere (C. Gross);Infirmiere (C. Gross);Infirmiere (C. Gross)
Infirmiere (C. Gross);Infirmiere (C. Gross);Infirmiere (C. Gross);Infirmiere (C. Gross);Infirmiere (C. Gross);Infirmiere (C. Gross);Infirmiere (C. Gross)
Infirmiere (C. Gross);Infirmiere (C. Gross);Infirmiere (C. Gross);Infirmiere (C. Gross);Infirmiere (C. Gross);Infirmiere (C. Gross);Infirmiere (C. Gross)
Infirmiere (C. Gross);Infirmiere (C. Gross);Infirmiere (C. Gross);Infirmiere (C. Gross);Infirmiere (C. Gross);Infirmiere (C. Gross);Infirmiere (C. Gross)
Infirmiere (C. Gross);Infirmiere (C. Gross);Infirmiere (C. Gross);Infirmiere (C. Gross);Infirmiere (C. Gross);Infirmiere (C. Gross);Infirmiere (C. Gross)
Infirmiere (C. Gross);Infirmiere (C. Gross);Infirmiere (C. Gross);Infirmiere (C. Gross);Infirmiere (C. Gross);Infirmiere (C. Gross);Infirmiere (C. Gross)
Infirmiere (C. Gross);Infirmiere (C. Gross);Infirmiere (C. Gross);Infirmiere (C. Gross);Infirmiere (C. Gross);Infirmiere (C. Gross);Infirmiere (C. Gross)
Infirmiere (C. Gross);Infirmiere (C. Gross);Infirmiere (C. Gross);Infirmiere (C. Gross);Infirmiere (C. Gross);Infirmiere (C. Gross);Infirmiere (C. Gross)
Infirmiere (C. Gross);Infirmiere (C. Gross);Infirmiere (C. Gross);Infirmiere (C. Gross);Infirmiere (C. Gross);Infirmiere (C. Gross);Infirmiere (C. Gross)
Infirmiere (C. Gross);Infirmiere (C. Gross);Infirmiere (C. Gross);Infirmiere (C. Gross);Infirmiere (C. Gross);Infirmiere (C. Gross);Infirmiere (C. Gross)
Infirmiere (C. Gross);Infirmiere (C. Gross);Infirmiere (C. Gross);Infirmiere (C. Gross);Infirmiere (C. Gross);Infirmiere (C. Gross);Infirmiere (C. Gross)
Infirmiere (C. Gross);Infirmiere (C. Gross);Infirmiere (C. Gross);Infirmiere (C. Gross);Infirmiere (C. Gross);Infirmiere (C. Gross);Infirmiere (C. Gross)
Infirmiere (C. Gross);Infirmiere (C. Gross);Infirmiere (C. Gross);Infirmiere (C. Gross);Infirmiere (C. Gross);Infirmiere (C. Gross);Infirmiere (C. Gross)
Infirmiere (C. Gross);Infirmiere (C. Gross);Infirmiere (C. Gross);Infirmiere (C. Gross);Infirmiere (C. Gross);Infirmiere (C. Gross);Infirmiere (C. Gross)
Infirmiere (C. Gross);Infirmiere (C. Gross);Infirmiere (C. Gross);Infirmiere (C. Gross);Infirmiere (C. Gross);Infirmiere (C. Gross);Infirmiere (C. Gross)
Infirmiere (C. Gross);Infirmiere (C. Gross);Infirmiere (C. Gross);Infirmiere (C. Gross);Infirmiere (C. Gross);Infirmiere (C. Gross);Infirmiere (C. Gross)
Infirmiere (C. Gross);Infirmiere (C. Gross);Infirmiere (C. Gross);Infirmiere (C. Gross);Infirmiere (C. Gross);Infirmiere (C. Gross);Infirmiere (C. Gross)
Infirmiere (C. Gross);Infirmiere (C. Gross);Infirmiere (C. Gross);Infirmiere (C. Gross);Infirmiere (C. Gross);Infirmiere (C. Gross);Infirmiere (C. Gross)
Infirmiere (C. Gross);Infirmiere (C. Gross);Infirmiere (C. Gross);Infirmiere (C. Gross);Infirmiere (C. Gross);Infirmiere (C. Gross);Infirmiere (C. Gross)
Infirmiere (C. Gross);Infirmiere (C. Gross);Infirmiere (C. Gross);Infirmiere (C. Gross);Infirmiere (C. Gross);Infirmiere (C. Gross);Infirmiere (C. Gross)
Infirmiere (C. Gross);Infirmiere (C. Gross);Infirmiere (C. Gross);Infirmiere (C. Gross);Infirmiere (C. Gross);Infirmiere (C. Gross);Infirmiere (C. Gross)
Infirmiere (C. Gross);Infirmiere (C. Gross);Infirmiere (C. Gross);Infirmiere (C. Gross);Infirmiere (C. Gross);Infirmiere (C. Gross);Infirmiere (C. Gross)
Infirmiere (C. Gross);Infirmiere (C. Gross);Infirmiere (C. Gross);Infirmiere (C. Gross);Infirmiere (C. Gross);Infirmiere (C. Gross);Infirmiere (C. Gross)
Infirmiere (C. Gross);Infirmiere (C. Gross);Infirmiere (C. Gross);Infirmiere (C. Gross);Infirmiere (C. Gross);Infirmiere (C. Gross);Infirmiere (C. Gross)
Infirmiere (C. Gross);Infirmiere (C. Gross);Infirmiere (C. Gross);Infirmiere (C. Gross);Infirmiere (C. Gross);Infirmiere (C. Gross);Infirmiere (C. Gross)
Infirmiere (C. Gross);Infirmiere (C. Gross);Infirmiere (C. Gross);Infirmiere (C. Gross);Infirmiere (C. Gross);Infirmiere (C. Gross);Infirmiere (C. Gross)
Infirmiere (C. Gross);Infirmiere (C. Gross);Infirmiere (C. Gross);Infirmiere (C. Gross);Infirmiere (C. Gross);Infirmiere (C. Gross);Infirmiere (C. Gross)
Infirmiere (C. Gross);Infirmiere (C. Gross);Infirmiere (C. Gross);Infirmiere (C. Gross);Infirmiere (C. Gross);Infirmiere (C. Gross);Infirmiere (C. Gross)
Infirmiere (C. Gross);Infirmiere (C. Gross);Infirmiere (C. Gross);Infirmiere (C. Gross);Infirmiere (C. Gross);Infirmiere (C. Gross);Infirmiere (C. Gross)
Infirmiere (C. Gross);Infirmiere (C. Gross);Infirmiere (C. Gross);Infirmiere (C. Gross);Infirmiere (C. Gross);Infirmiere (C. Gross);Infirmiere (C. Gross)
Infirmiere (C. Gross);Infirmiere (C. Gross);Infirmiere (C. Gross);Infirmiere (C. Gross);Infirmiere (C. Gross);Infirmiere (C. Gross);Infirmiere (C. Gross)
Infirmiere (C. Gross);Infirmiere (C. Gross);Infirmiere (C. Gross);Infirmiere (C. Gross);Infirmiere (C. Gross);Infirmiere (C. Gross);Infirmiere (C. Gross)
Infirmiere (C. Gross);Infirmiere (C. Gross);Infirmiere (C. Gross);Infirmiere (C. Gross);Infirmiere (C. Gross);Infirmiere (C. Gross);Infirmiere (C. Gross)
Infirmiere (C. Gross);Infirmiere (C. Gross);Infirmiere (C. Gross);Infirmiere (C. Gross);Infirmiere (C. Gross);Infirmiere (C. Gross);Infirmiere (C. Gross)
Infirmiere (C. Gross);Infirmiere (C. Gross);Infirmiere (C. Gross);Infirmiere (C. Gross);Infirmiere (C. Gross);Infirmiere (C. Gross);Infirmiere (C. Gross)
Infirmiere (C. Gross);Infirmiere (C. Gross);Infirmiere (C. Gross);Infirmiere (C. Gross);Infirmiere (C. Gross);Infirmiere (C. Gross);Infirmiere (C. Gross)
Infirmiere (C. Gross);Infirmiere (C. Gross);Infirmiere (C. Gross);Infirmiere (C. Gross);Infirmiere (C. Gross);Infirmiere (C. Gross);Infirmiere (C. Gross)
Infirmiere (C. Gross);Infirmiere (C. Gross);Infirmiere (C. Gross);Infirmiere (C. Gross);Infirmiere (C. Gross);Infirmiere (C. Gross);Infirmiere (C. Gross)
